{"cameraMode":{"drawMode":0,"name":"Shaded","section":"Shading Mode"},"sceneLighting":false,"audioPlay":false,"sceneViewState":{"showFog":true,"showMaterialUpdate":false,"showSkybox":true,"showFlares":true,"showImageEffects":true,"showParticleSystems":true},"in2DMode":false,"pivot":{"x":22.632658004760743,"y":-16.009017944335939,"z":57.268123626708987},"rotation":{"x":0.22415710985660554,"y":-0.047638244926929477,"z":0.0096188485622406,"w":0.9736729860305786},"size":100.9509506225586,"orthographic":false}