{"cameraMode":{"drawMode":2,"name":"Shaded Wireframe","section":"Shading Mode"},"sceneLighting":false,"audioPlay":false,"sceneViewState":{"showFog":true,"showMaterialUpdate":false,"showSkybox":true,"showFlares":true,"showImageEffects":true,"showParticleSystems":true},"in2DMode":false,"pivot":{"x":3.1299989223480226,"y":1.8300000429153443,"z":-5.599999904632568},"rotation":{"x":0.4643365740776062,"y":0.038730476051568988,"z":-0.021805450320243837,"w":0.8848676085472107},"size":6.317131042480469,"orthographic":false}