{"cameraMode":{"drawMode":2,"name":"Shaded Wireframe","section":"Shading Mode"},"sceneLighting":false,"audioPlay":false,"sceneViewState":{"showFog":true,"showMaterialUpdate":false,"showSkybox":true,"showFlares":true,"showImageEffects":true,"showParticleSystems":true},"in2DMode":false,"pivot":{"x":-1.159999132156372,"y":1.6552152633666993,"z":6.8600006103515629},"rotation":{"x":0.20088928937911988,"y":-0.38000932335853579,"z":0.08366155624389649,"w":0.8992897272109985},"size":19.053762435913087,"orthographic":true}