{"cameraMode":{"drawMode":0,"name":"Shaded","section":"Shading Mode"},"sceneLighting":false,"audioPlay":false,"sceneViewState":{"showFog":true,"showMaterialUpdate":false,"showSkybox":true,"showFlares":true,"showImageEffects":true,"showParticleSystems":true},"in2DMode":false,"pivot":{"x":37.287208557128909,"y":0.050096213817596439,"z":-9.65980052947998},"rotation":{"x":0.007092751562595367,"y":-0.8764543533325195,"z":-0.011154632084071637,"w":-0.48164308071136477},"size":3.005783796310425,"orthographic":true}