{"cameraMode":{"drawMode":0,"name":"Shaded","section":"Shading Mode"},"sceneLighting":false,"audioPlay":false,"sceneViewState":{"showFog":true,"showMaterialUpdate":false,"showSkybox":true,"showFlares":true,"showImageEffects":true,"showParticleSystems":true},"in2DMode":false,"pivot":{"x":44.131046295166019,"y":-0.0027717947959899904,"z":-11.268625259399414},"rotation":{"x":0.04182888939976692,"y":0.08681388944387436,"z":-0.003648289479315281,"w":0.9953400492668152},"size":5.419958114624023,"orthographic":false}