{"cameraMode":{"drawMode":2,"name":"Shaded Wireframe","section":"Shading Mode"},"sceneLighting":false,"audioPlay":false,"sceneViewState":{"showFog":true,"showMaterialUpdate":false,"showSkybox":true,"showFlares":true,"showImageEffects":true,"showParticleSystems":true},"in2DMode":false,"pivot":{"x":0.10001730918884278,"y":1.0,"z":0.15131045877933503},"rotation":{"x":0.22526051104068757,"y":0.3799836337566376,"z":-0.09723290055990219,"w":0.8921605944633484},"size":3.682126045227051,"orthographic":false}