{"cameraMode":{"drawMode":2,"name":"Shaded Wireframe","section":"Shading Mode"},"sceneLighting":false,"audioPlay":false,"sceneViewState":{"showFog":true,"showMaterialUpdate":false,"showSkybox":true,"showFlares":true,"showImageEffects":true,"showParticleSystems":true},"in2DMode":false,"pivot":{"x":0.22091160714626313,"y":1.3342533111572266,"z":0.2906080484390259},"rotation":{"x":0.22526051104068757,"y":0.3799836337566376,"z":-0.09723290055990219,"w":0.8921605944633484},"size":2.4866230487823488,"orthographic":false}