{"cameraMode":{"drawMode":2,"name":"Shaded Wireframe","section":"Shading Mode"},"sceneLighting":false,"audioPlay":false,"sceneViewState":{"showFog":true,"showMaterialUpdate":false,"showSkybox":true,"showFlares":true,"showImageEffects":true,"showParticleSystems":true},"in2DMode":false,"pivot":{"x":3.7097933292388918,"y":7.176593780517578,"z":-10.885120391845704},"rotation":{"x":0.4230436384677887,"y":0.019327448680996896,"z":-0.010453036986291409,"w":0.9061532020568848},"size":48.375404357910159,"orthographic":false}