{"cameraMode":{"drawMode":0,"name":"Shaded","section":"Shading Mode"},"sceneLighting":false,"audioPlay":false,"sceneViewState":{"showFog":true,"showMaterialUpdate":false,"showSkybox":true,"showFlares":true,"showImageEffects":true,"showParticleSystems":true},"in2DMode":false,"pivot":{"x":45.15962219238281,"y":0.6401154398918152,"z":-11.044183731079102},"rotation":{"x":-0.0733179971575737,"y":0.9276084899902344,"z":-0.25079140067100527,"w":-0.26759073138237},"size":2.419957399368286,"orthographic":true}