{"cameraMode":{"drawMode":0,"name":"Shaded","section":"Shading Mode"},"sceneLighting":false,"audioPlay":false,"sceneViewState":{"showFog":true,"showMaterialUpdate":false,"showSkybox":true,"showFlares":true,"showImageEffects":true,"showParticleSystems":true},"in2DMode":false,"pivot":{"x":13.935173034667969,"y":-3.04644775390625,"z":-25.210960388183595},"rotation":{"x":0.3283398449420929,"y":0.22007814049720765,"z":-0.08037413656711579,"w":0.915385365486145},"size":60.2777214050293,"orthographic":false}