{"cameraMode":{"drawMode":2,"name":"Shaded Wireframe","section":"Shading Mode"},"sceneLighting":false,"audioPlay":false,"sceneViewState":{"showFog":true,"showMaterialUpdate":false,"showSkybox":true,"showFlares":true,"showImageEffects":true,"showParticleSystems":true},"in2DMode":false,"pivot":{"x":0.10001730918884278,"y":0.0,"z":0.15131044387817384},"rotation":{"x":0.44838881492614748,"y":0.036476511508226398,"z":-0.019691085442900659,"w":0.8931760191917419},"size":7.629573345184326,"orthographic":false}