{"cameraMode":{"drawMode":0,"name":"Shaded","section":"Shading Mode"},"sceneLighting":false,"audioPlay":false,"sceneViewState":{"showFog":true,"showMaterialUpdate":false,"showSkybox":true,"showFlares":true,"showImageEffects":true,"showParticleSystems":true},"in2DMode":false,"pivot":{"x":41.776832580566409,"y":5.752500534057617,"z":-19.621767044067384},"rotation":{"x":0.16762876510620118,"y":0.448944628238678,"z":-0.08758404105901718,"w":0.8736763000488281},"size":6.307140827178955,"orthographic":false}