{"cameraMode":{"drawMode":0,"name":"Shaded","section":"Shading Mode"},"sceneLighting":false,"audioPlay":false,"sceneViewState":{"showFog":true,"showMaterialUpdate":false,"showSkybox":true,"showFlares":true,"showImageEffects":true,"showParticleSystems":true},"in2DMode":false,"pivot":{"x":6.408336639404297,"y":2.0307507514953615,"z":-3.119215250015259},"rotation":{"x":0.3551216125488281,"y":0.0885070413351059,"z":-0.03539517894387245,"w":0.9302660822868347},"size":27.93758201599121,"orthographic":false}