{"cameraMode":{"drawMode":2,"name":"Shaded Wireframe","section":"Shading Mode"},"sceneLighting":false,"audioPlay":false,"sceneViewState":{"showFog":true,"showMaterialUpdate":false,"showSkybox":true,"showFlares":true,"showImageEffects":true,"showParticleSystems":true},"in2DMode":false,"pivot":{"x":1.3359307050704957,"y":2.0423593521118166,"z":0.09196144342422486},"rotation":{"x":0.3145494759082794,"y":0.22815768420696259,"z":-0.0794377252459526,"w":0.9182742238044739},"size":5.868884086608887,"orthographic":false}