{"cameraMode":{"drawMode":0,"name":"Shaded","section":"Shading Mode"},"sceneLighting":false,"audioPlay":false,"sceneViewState":{"showFog":true,"showMaterialUpdate":false,"showSkybox":true,"showFlares":true,"showImageEffects":true,"showParticleSystems":true},"in2DMode":false,"pivot":{"x":5.427599906921387,"y":-7.0448713302612309,"z":12.309203147888184},"rotation":{"x":0.3931766450405121,"y":-0.09733561426401138,"z":0.04051046445965767,"w":0.9137431979179382},"size":40.41566467285156,"orthographic":false}