{"cameraMode":{"drawMode":0,"name":"Shaded","section":"Shading Mode"},"sceneLighting":false,"audioPlay":false,"sceneViewState":{"showFog":true,"showMaterialUpdate":false,"showSkybox":true,"showFlares":true,"showImageEffects":true,"showParticleSystems":true},"in2DMode":false,"pivot":{"x":37.287208557128909,"y":0.050096213817596439,"z":-9.65980052947998},"rotation":{"x":-0.04074467346072197,"y":-0.5934992432594299,"z":0.03117506578564644,"w":-0.8034003376960754},"size":2.0893819332122804,"orthographic":true}