{"cameraMode":{"drawMode":0,"name":"Shaded","section":"Shading Mode"},"sceneLighting":false,"audioPlay":false,"sceneViewState":{"showFog":true,"showMaterialUpdate":false,"showSkybox":true,"showFlares":true,"showImageEffects":true,"showParticleSystems":true},"in2DMode":false,"pivot":{"x":38.71749496459961,"y":2.6298763751983644,"z":-22.572418212890626},"rotation":{"x":0.1876620203256607,"y":-0.2469411939382553,"z":0.04737629368901253,"w":0.9498404860496521},"size":3.9805052280426027,"orthographic":false}