{"cameraMode":{"drawMode":2,"name":"Shaded Wireframe","section":"Shading Mode"},"sceneLighting":false,"audioPlay":false,"sceneViewState":{"showFog":true,"showMaterialUpdate":false,"showSkybox":true,"showFlares":true,"showImageEffects":true,"showParticleSystems":true},"in2DMode":false,"pivot":{"x":34.495277404785159,"y":4.2996416091918949,"z":-4.916110038757324},"rotation":{"x":0.09149365872144699,"y":0.2964421510696411,"z":-0.029694952070713044,"w":0.9504320621490479},"size":22.0,"orthographic":true}