{"cameraMode":{"drawMode":2,"name":"Shaded Wireframe","section":"Shading Mode"},"sceneLighting":false,"audioPlay":false,"sceneViewState":{"showFog":true,"showMaterialUpdate":false,"showSkybox":true,"showFlares":true,"showImageEffects":true,"showParticleSystems":true},"in2DMode":false,"pivot":{"x":7.491652011871338,"y":3.8184680938720705,"z":-4.687381744384766},"rotation":{"x":0.2695949375629425,"y":-0.11762421578168869,"z":0.031661681830883029,"w":0.9555432796478272},"size":38.5659294128418,"orthographic":false}