{"cameraMode":{"drawMode":0,"name":"Shaded","section":"Shading Mode"},"sceneLighting":false,"audioPlay":false,"sceneViewState":{"showFog":true,"showMaterialUpdate":false,"showSkybox":true,"showFlares":true,"showImageEffects":true,"showParticleSystems":true},"in2DMode":false,"pivot":{"x":34.461639404296878,"y":4.695321083068848,"z":-4.854054927825928},"rotation":{"x":0.2727632224559784,"y":-0.03415856137871742,"z":0.008111679926514626,"w":0.9617086052894592},"size":3.0956499576568605,"orthographic":true}