{"cameraMode":{"drawMode":0,"name":"Shaded","section":"Shading Mode"},"sceneLighting":false,"audioPlay":false,"sceneViewState":{"showFog":true,"showMaterialUpdate":false,"showSkybox":true,"showFlares":true,"showImageEffects":true,"showParticleSystems":true},"in2DMode":false,"pivot":{"x":34.707000732421878,"y":4.192500114440918,"z":-4.821000099182129},"rotation":{"x":0.28515562415122988,"y":0.024950480088591577,"z":-0.008783761411905289,"w":0.9584514498710632},"size":2.2993760108947756,"orthographic":false}