{"cameraMode":{"drawMode":2,"name":"Shaded Wireframe","section":"Shading Mode"},"sceneLighting":false,"audioPlay":false,"sceneViewState":{"showFog":true,"showMaterialUpdate":false,"showSkybox":true,"showFlares":true,"showImageEffects":true,"showParticleSystems":true},"in2DMode":false,"pivot":{"x":38.119998931884769,"y":4.775000095367432,"z":-4.559999942779541},"rotation":{"x":0.20088928937911988,"y":-0.38000932335853579,"z":0.08366155624389649,"w":0.8992897272109985},"size":19.053762435913087,"orthographic":true}