{"cameraMode":{"drawMode":0,"name":"Shaded","section":"Shading Mode"},"sceneLighting":false,"audioPlay":false,"sceneViewState":{"showFog":true,"showMaterialUpdate":false,"showSkybox":true,"showFlares":true,"showImageEffects":true,"showParticleSystems":true},"in2DMode":false,"pivot":{"x":-26.388755798339845,"y":27.608097076416017,"z":-17.661413192749025},"rotation":{"x":0.33304154872894289,"y":-0.14184418320655824,"z":0.049015745520591739,"w":0.9312552213668823},"size":15.147592544555664,"orthographic":false}