{"cameraMode":{"drawMode":2,"name":"Shaded Wireframe","section":"Shading Mode"},"sceneLighting":false,"audioPlay":false,"sceneViewState":{"showFog":true,"showMaterialUpdate":false,"showSkybox":true,"showFlares":true,"showImageEffects":true,"showParticleSystems":true},"in2DMode":false,"pivot":{"x":34.495277404785159,"y":4.2996416091918949,"z":-4.916110038757324},"rotation":{"x":0.06477649509906769,"y":0.2785363495349884,"z":-0.019969888031482698,"w":0.9582669734954834},"size":3.431746006011963,"orthographic":true}