{"cameraMode":{"drawMode":0,"name":"Shaded","section":"Shading Mode"},"sceneLighting":false,"audioPlay":false,"sceneViewState":{"showFog":true,"showMaterialUpdate":false,"showSkybox":true,"showFlares":true,"showImageEffects":true,"showParticleSystems":true},"in2DMode":false,"pivot":{"x":0.5,"y":4.894720077514648,"z":-10.649999618530274},"rotation":{"x":0.214696004986763,"y":-0.005268446169793606,"z":-0.0003368699399288744,"w":0.9769687056541443},"size":0.7144709229469299,"orthographic":false}