{"cameraMode":{"drawMode":0,"name":"Shaded","section":"Shading Mode"},"sceneLighting":false,"audioPlay":false,"sceneViewState":{"showFog":true,"showMaterialUpdate":false,"showSkybox":true,"showFlares":true,"showImageEffects":true,"showParticleSystems":true},"in2DMode":false,"pivot":{"x":34.495277404785159,"y":4.425997257232666,"z":-5.1118903160095219},"rotation":{"x":0.29450079798698428,"y":0.24764488637447358,"z":-0.08070599287748337,"w":0.9198153018951416},"size":4.011030197143555,"orthographic":false}