{"cameraMode":{"drawMode":2,"name":"Shaded Wireframe","section":"Shading Mode"},"sceneLighting":false,"audioPlay":false,"sceneViewState":{"showFog":true,"showMaterialUpdate":false,"showSkybox":true,"showFlares":true,"showImageEffects":true,"showParticleSystems":true},"in2DMode":false,"pivot":{"x":-47.603172302246097,"y":4.012345790863037,"z":33.045997619628909},"rotation":{"x":0.2719430923461914,"y":-0.5716782212257385,"z":0.20641838014125825,"w":0.7464563846588135},"size":11.561544418334961,"orthographic":false}