{"cameraMode":{"drawMode":2,"name":"Shaded Wireframe","section":"Shading Mode"},"sceneLighting":false,"audioPlay":false,"sceneViewState":{"showFog":true,"showMaterialUpdate":false,"showSkybox":true,"showFlares":true,"showImageEffects":true,"showParticleSystems":true},"in2DMode":false,"pivot":{"x":38.119998931884769,"y":4.775000095367432,"z":-4.559999942779541},"rotation":{"x":0.1451713591814041,"y":-0.4234422743320465,"z":0.06765684485435486,"w":0.8919259905815125},"size":10.639395713806153,"orthographic":true}