{"cameraMode":{"drawMode":2,"name":"Shaded Wireframe","section":"Shading Mode"},"sceneLighting":false,"audioPlay":false,"sceneViewState":{"showFog":true,"showMaterialUpdate":false,"showSkybox":true,"showFlares":true,"showImageEffects":true,"showParticleSystems":true},"in2DMode":false,"pivot":{"x":0.1367724984884262,"y":1.7833049297332764,"z":1.1454682350158692},"rotation":{"x":0.022401126101613046,"y":-0.973668098449707,"z":0.2046656608581543,"w":0.10062146931886673},"size":2.649127244949341,"orthographic":false}