{"cameraMode":{"drawMode":2,"name":"Shaded Wireframe","section":"Shading Mode"},"sceneLighting":false,"audioPlay":false,"sceneViewState":{"showFog":true,"showMaterialUpdate":false,"showSkybox":true,"showFlares":true,"showImageEffects":true,"showParticleSystems":true},"in2DMode":false,"pivot":{"x":4.160800933837891,"y":-19.508277893066408,"z":55.318634033203128},"rotation":{"x":0.26996493339538576,"y":-0.019667893648147584,"z":0.004204155411571264,"w":0.9629444479942322},"size":162.09376525878907,"orthographic":false}