{"cameraMode":{"drawMode":2,"name":"Shaded Wireframe","section":"Shading Mode"},"sceneLighting":false,"audioPlay":false,"sceneViewState":{"showFog":true,"showMaterialUpdate":false,"showSkybox":true,"showFlares":true,"showImageEffects":true,"showParticleSystems":true},"in2DMode":false,"pivot":{"x":-49.400001525878909,"y":2.390000343322754,"z":29.860000610351564},"rotation":{"x":0.4643365740776062,"y":0.038730476051568988,"z":-0.021805450320243837,"w":0.8848676085472107},"size":7.124208450317383,"orthographic":false}