{"cameraMode":{"drawMode":0,"name":"Shaded","section":"Shading Mode"},"sceneLighting":false,"audioPlay":false,"sceneViewState":{"showFog":true,"showMaterialUpdate":false,"showSkybox":true,"showFlares":true,"showImageEffects":true,"showParticleSystems":true},"in2DMode":false,"pivot":{"x":-6.260544300079346,"y":18.81653594970703,"z":-9.450884819030762},"rotation":{"x":0.4062117636203766,"y":0.011240290477871895,"z":-0.006519989110529423,"w":0.9140533804893494},"size":21.142175674438478,"orthographic":false}