{"cameraMode":{"drawMode":0,"name":"Shaded","section":"Shading Mode"},"sceneLighting":false,"audioPlay":false,"sceneViewState":{"showFog":true,"showMaterialUpdate":false,"showSkybox":true,"showFlares":true,"showImageEffects":true,"showParticleSystems":true},"in2DMode":false,"pivot":{"x":34.461639404296878,"y":4.695321083068848,"z":-4.854054927825928},"rotation":{"x":0.23216332495212556,"y":0.29134711623191836,"z":-0.0747370719909668,"w":0.9252822995185852},"size":3.0956499576568605,"orthographic":true}